{"coherences": [0.32981272745926393, 0.47960345940109766, 0.4258940304531826, 0.3988687218635366, 0.4297218652423989, 0.3839543340810864, 0.35407209848951954, 0.3707095072640347, 0.35163969660975847, 0.3909201036113835, 0.34847427773288714, 0.31825161385244854, 0.3957308753989059, 0.35614401706150867, 0.4056192903999282, 0.4045115314632656, 0.3671335089864337, 0.3600217829182921, 0.32775486798724557, 0.313188644658571], "predicted_topics": [[69902, 28185], [15042, 2974, 80071], [11580, 1746, 3746, 81015], [11057, 1700, 3728, 79938, 1664], [11006, 1617, 3123, 41214, 1474, 39653], [10995, 1611, 2185, 11062, 1878, 69903, 453], [11037, 1648, 3129, 68403, 1712, 203, 10121, 1834], [10995, 1594, 2487, 23324, 1675, 53864, 442, 1754, 1952], [10988, 1590, 2034, 12618, 1786, 64036, 460, 1743, 2456, 376], [11002, 1592, 2058, 16820, 1867, 56984, 415, 1463, 4508, 846, 532], [10990, 1581, 2335, 13102, 1865, 61536, 410, 1585, 2180, 28, 547, 1928], [10995, 1583, 2353, 17278, 1788, 56846, 403, 1522, 1368, 1117, 897, 1577, 360], [10998, 1578, 2035, 14825, 1814, 56192, 435, 1460, 1761, 36, 1013, 1451, 1302, 3187], [10950, 1486, 1939, 12134, 1731, 46527, 408, 1436, 1435, 34, 269, 1469, 353, 1674, 1498, 1501, 1847, 2957, 3472, 4967], [10919, 1421, 1789, 9996, 1673, 27628, 377, 1301, 1339, 39, 227, 1369, 361, 2157, 1315, 1120, 1474, 1028, 2268, 2018, 3598, 1440, 2890, 1527, 2433, 1301, 2584, 3689, 3937, 4869], [10882, 1321, 1421, 8529, 1566, 23472, 365, 1195, 1209, 37, 227, 1237, 338, 1844, 1251, 1024, 1334, 930, 1797, 1416, 1199, 1559, 803, 1197, 876, 1102, 1646, 1315, 1448, 1748, 1988, 1701, 2033, 2869, 2335, 1855, 1844, 3862, 2607, 2705], [10819, 1248, 1337, 6197, 1457, 12561, 342, 1095, 1165, 38, 228, 1185, 343, 650, 1219, 865, 1273, 891, 1722, 1520, 425, 1057, 573, 1736, 1164, 1036, 1494, 1325, 1032, 1176, 1491, 1630, 1586, 4474, 1415, 915, 1188, 177, 1607, 649, 4467, 2798, 2036, 898, 1329, 2761, 2624, 2383, 1056, 5430], [10732, 1136, 1211, 2844, 1155, 3680, 332, 929, 956, 30, 227, 1000, 310, 508, 1028, 717, 1046, 707, 1308, 1167, 152, 1069, 960, 863, 902, 678, 1120, 731, 849, 889, 1009, 1033, 1171, 1660, 665, 761, 794, 600, 440, 777, 1593, 993, 643, 1051, 564, 930, 680, 1382, 712, 557, 664, 561, 116, 1016, 682, 687, 959, 568, 1025, 101, 415, 505, 384, 85, 570, 1193, 428, 583, 815, 620, 395, 650, 774, 205, 299, 811, 733, 292, 748, 462, 492, 637, 863, 583, 790, 632, 697, 796, 1367, 892, 210, 1152, 988, 537, 1910, 1825, 2132, 1771, 2749, 2467], [10712, 1035, 1184, 1678, 976, 1300, 324, 791, 853, 28, 226, 859, 292, 411, 915, 622, 913, 629, 1152, 1007, 73, 860, 715, 733, 780, 588, 936, 622, 672, 731, 798, 836, 992, 1116, 585, 538, 706, 510, 449, 647, 1123, 810, 626, 823, 269, 719, 413, 1009, 521, 468, 527, 394, 94, 826, 569, 454, 639, 246, 177, 539, 418, 477, 557, 42, 380, 305, 282, 422, 496, 633, 462, 250, 585, 389, 516, 413, 610, 243, 414, 632, 531, 483, 604, 316, 942, 98, 631, 806, 736, 463, 561, 464, 168, 306, 507, 384, 529, 473, 497, 395, 319, 311, 35, 265, 644, 260, 580, 233, 285, 824, 571, 502, 522, 1161, 333, 165, 336, 575, 901, 549, 140, 127, 350, 227, 273, 521, 492, 292, 543, 654, 468, 442, 376, 664, 559, 348, 383, 602, 333, 522, 848, 661, 1389, 1105, 1009, 1521, 1094, 1103, 1132, 1078], [10701, 825, 1173, 1434, 905, 773, 315, 776, 809, 28, 226, 821, 288, 298, 880, 575, 847, 594, 1114, 956, 49, 774, 651, 695, 727, 499, 854, 550, 612, 665, 703, 775, 870, 800, 553, 487, 658, 443, 408, 568, 936, 675, 584, 698, 282, 644, 345, 862, 455, 417, 464, 337, 63, 745, 504, 272, 612, 118, 81, 447, 406, 433, 636, 25, 225, 286, 502, 351, 428, 484, 484, 194, 495, 322, 407, 496, 371, 174, 254, 575, 429, 214, 493, 253, 732, 275, 568, 673, 579, 414, 367, 273, 237, 224, 463, 295, 577, 207, 282, 325, 22, 231, 79, 354, 32, 364, 505, 220, 483, 793, 487, 573, 502, 220, 461, 269, 146, 147, 736, 280, 450, 249, 209, 257, 52, 400, 150, 179, 258, 209, 256, 381, 189, 129, 38, 278, 383, 476, 348, 316, 185, 379, 209, 224, 348, 231, 277, 322, 381, 162, 126, 482, 135, 543, 289, 401, 214, 246, 285, 314, 263, 251, 129, 172, 574, 260, 422, 318, 254, 428, 332, 434, 161, 289, 310, 230, 320, 281, 328, 343, 434, 456, 359, 413, 431, 372, 743, 662, 512, 1231, 751, 708, 530, 983, 776, 355, 572, 958, 730, 500]]}