{"coherences": [0.2905581531479207, 0.45424678594613993, 0.4150800549832757, 0.39171220461669504, 0.36887492764260915, 0.3380657789739235, 0.3546118252105634, 0.32192364300863274, 0.41119238838525973, 0.3754787345168653, 0.43095501686306004, 0.4285081254892302, 0.4132330129657908, 0.4094406225738248, 0.4344411516916182, 0.4212844870544674, 0.42003906935361407, 0.3850433513994528, 0.35727334698329855, 0.3345861669446581], "predicted_topics": [[75559, 22528], [12413, 2768, 82906], [8415, 1931, 4531, 83210], [8110, 1728, 4353, 82920, 976], [7902, 1658, 2296, 3068, 1038, 82125], [7991, 1680, 3809, 12832, 70452, 221, 1102], [7908, 1662, 2067, 3490, 642, 79970, 194, 2154], [7889, 1652, 2227, 2950, 426, 82277, 259, 407], [7897, 1647, 1966, 3182, 440, 79019, 8, 255, 728, 2945], [7903, 1629, 1986, 3177, 601, 76181, 27, 358, 392, 2915, 2918], [7886, 1602, 1942, 2910, 428, 75388, 255, 728, 3197, 2200, 1551], [7884, 1579, 1941, 2976, 432, 72721, 22, 1589, 388, 2967, 1862, 1777, 1949], [7918, 1572, 1977, 3044, 432, 72271, 228, 388, 2907, 2009, 1625, 1829, 1887], [7833, 1473, 1896, 2786, 424, 57772, 228, 382, 2619, 1698, 1524, 1457, 1693, 1472, 2541, 3408, 2820, 2389, 3672], [7775, 1388, 1722, 2367, 418, 38762, 228, 374, 2548, 1444, 1348, 1271, 1593, 1132, 1201, 2055, 695, 2461, 1382, 2512, 1993, 2430, 419, 2569, 3055, 2579, 6477, 2619, 3270], [7694, 1317, 1316, 2044, 376, 26150, 226, 332, 1700, 1224, 1175, 1215, 1380, 1185, 1114, 1733, 815, 1601, 1006, 2003, 1681, 1889, 1996, 1618, 1218, 773, 1380, 2930, 1567, 2474, 2148, 859, 2726, 4324, 1819, 1264, 2885, 3635, 5295], [7657, 1241, 1303, 1863, 351, 18310, 226, 340, 1722, 1116, 1095, 1141, 1299, 1114, 1068, 1629, 723, 1499, 877, 1897, 1474, 1505, 887, 1270, 816, 1305, 1379, 2672, 2351, 1756, 1169, 767, 1197, 1826, 1206, 1586, 90, 2003, 3347, 1554, 814, 3174, 1629, 3242, 1767, 193, 2588, 2334, 5715], [7603, 1115, 1198, 1484, 328, 5223, 226, 300, 1303, 917, 835, 990, 1075, 942, 844, 1323, 523, 1201, 687, 1268, 1109, 721, 1113, 1058, 604, 911, 823, 221, 1265, 1207, 835, 1016, 895, 590, 133, 929, 736, 1166, 889, 1397, 1461, 627, 2, 753, 562, 750, 743, 630, 472, 467, 1096, 2225, 721, 476, 931, 765, 561, 530, 331, 425, 639, 303, 525, 487, 657, 809, 23, 785, 699, 393, 255, 370, 823, 987, 879, 725, 248, 1389, 434, 484, 795, 637, 1538, 640, 2679, 579, 1359, 1216, 280, 721, 1186, 520, 1694, 751, 1812, 1711, 1805, 1176, 3543], [7532, 1042, 1182, 1375, 321, 2510, 226, 289, 1121, 828, 784, 941, 1005, 875, 776, 1168, 434, 1079, 618, 1158, 967, 601, 927, 893, 540, 822, 658, 110, 1124, 983, 754, 693, 740, 547, 287, 588, 644, 899, 759, 1131, 1113, 558, 76, 468, 471, 536, 703, 613, 437, 426, 880, 1346, 315, 487, 962, 498, 431, 499, 261, 378, 336, 318, 750, 464, 302, 519, 246, 37, 643, 488, 468, 265, 447, 483, 796, 855, 623, 488, 718, 364, 14, 335, 344, 487, 275, 476, 358, 139, 295, 569, 549, 377, 381, 349, 431, 372, 154, 541, 884, 222, 236, 414, 133, 496, 350, 441, 1159, 214, 434, 218, 803, 361, 471, 101, 572, 279, 385, 698, 500, 804, 299, 914, 146, 864, 451, 337, 507, 373, 236, 217, 523, 877, 819, 712, 771, 336, 603, 437, 1079, 542, 1576, 995, 1003, 922, 1012, 969, 1110, 1163, 674], [7495, 1012, 1169, 1291, 315, 1843, 226, 284, 924, 822, 711, 905, 962, 857, 753, 1138, 416, 1055, 610, 1140, 908, 552, 886, 870, 519, 790, 595, 86, 1061, 931, 709, 629, 684, 510, 307, 473, 602, 758, 715, 998, 987, 538, 45, 388, 418, 435, 675, 570, 630, 382, 797, 1487, 90, 469, 874, 351, 566, 330, 232, 384, 322, 20, 787, 361, 214, 529, 259, 44, 606, 420, 378, 249, 407, 351, 449, 722, 587, 483, 770, 284, 128, 221, 398, 236, 288, 367, 395, 382, 344, 205, 584, 335, 354, 460, 313, 309, 73, 330, 44, 447, 313, 473, 309, 463, 409, 335, 132, 77, 413, 458, 469, 74, 364, 113, 373, 211, 293, 350, 627, 444, 406, 208, 135, 514, 147, 238, 191, 229, 471, 145, 65, 224, 108, 248, 200, 223, 177, 85, 101, 220, 92, 444, 185, 592, 208, 163, 226, 342, 266, 74, 496, 278, 294, 84, 520, 145, 406, 380, 343, 253, 185, 228, 390, 253, 124, 258, 245, 340, 198, 499, 63, 231, 134, 435, 406, 408, 438, 720, 467, 479, 281, 295, 539, 299, 527, 433, 390, 880, 970, 347, 742, 823, 660, 1001, 829, 839, 497, 1054, 740]]}