{"coherences": [0.6809041134227105, 0.5525279450253504, 0.53230184193736, 0.6321149420077983, 0.6111898822710554, 0.6635846666650449, 0.6211509734536742, 0.6090182257767875, 0.5720475065902724, 0.5773671073803661, 0.546130195091591, 0.511296396917588, 0.5187133260182518, 0.4991199245235597, 0.45816826394032256, 0.39987153328398434, 0.3797382908369695, 0.3412006596560729, 0.33211330566403036, 0.3336017376096423], "predicted_topics": [[3606, 94481], [3595, 93302, 1190], [3611, 92187, 1174, 1115], [3571, 82808, 1140, 1052, 9516], [3506, 11856, 782, 695, 4020, 77228], [3494, 6342, 779, 683, 3727, 72238, 10824], [3480, 4236, 675, 667, 1795, 50066, 6751, 30417], [3449, 3210, 613, 628, 1481, 7678, 3966, 4409, 72653], [3448, 3205, 607, 628, 1457, 7256, 4092, 3835, 71489, 2070], [3431, 3035, 599, 624, 1432, 7101, 3285, 1108, 69002, 2089, 6381], [3433, 3011, 598, 623, 1425, 7459, 2226, 1150, 66232, 2089, 8462, 1379], [3426, 2984, 590, 612, 1409, 6438, 2400, 908, 53305, 2033, 8899, 779, 14304], [3425, 2917, 588, 603, 1388, 6542, 2461, 1086, 54254, 2001, 9786, 434, 7370, 5232], [3410, 2832, 561, 583, 1373, 6266, 2318, 1012, 50311, 1935, 5632, 669, 5597, 3024, 12, 3724, 1416, 2387, 2607, 2418], [3378, 2545, 542, 559, 520, 4780, 2190, 797, 36613, 1877, 4712, 572, 3099, 2194, 46, 2631, 1388, 1041, 1528, 941, 781, 1441, 1596, 2137, 1096, 4243, 4727, 2553, 5166, 2394], [3376, 2426, 530, 543, 503, 4161, 2116, 649, 30107, 1809, 3888, 474, 2809, 1787, 29, 239, 1008, 1054, 1549, 1624, 1464, 1532, 1479, 966, 1280, 1339, 467, 792, 1633, 2062, 1236, 867, 1327, 2319, 5720, 2361, 3106, 3100, 884, 3472], [3310, 2322, 516, 506, 489, 3698, 2073, 620, 23674, 1729, 2325, 329, 2188, 1664, 24, 158, 1006, 975, 1403, 1385, 1431, 1064, 1439, 317, 1856, 738, 1149, 1389, 683, 846, 1280, 863, 2102, 385, 1313, 1251, 941, 699, 1516, 5613, 3692, 1830, 762, 1517, 2865, 1982, 1023, 2063, 3461, 1623], [3238, 1921, 463, 445, 479, 2593, 1845, 513, 8416, 1553, 1417, 181, 1483, 1186, 25, 103, 847, 801, 1006, 1002, 834, 286, 962, 279, 273, 1335, 420, 587, 888, 458, 855, 697, 750, 1581, 1011, 647, 203, 654, 700, 768, 590, 433, 151, 340, 570, 800, 591, 591, 549, 869, 352, 482, 285, 83, 545, 892, 1140, 567, 589, 1013, 1201, 424, 402, 839, 316, 330, 390, 677, 741, 744, 716, 758, 411, 828, 727, 797, 424, 279, 870, 1348, 1836, 1225, 1448, 315, 443, 837, 1340, 1671, 1420, 1660, 851, 2211, 1798, 894, 1968, 1881, 2682, 1729, 2210, 1309], [3210, 1844, 432, 400, 471, 2222, 1710, 465, 4308, 1452, 1218, 117, 1260, 1038, 20, 85, 776, 693, 920, 869, 742, 163, 1108, 272, 206, 1159, 625, 390, 659, 367, 740, 577, 656, 868, 766, 504, 179, 546, 487, 565, 488, 1052, 448, 274, 91, 561, 598, 515, 531, 474, 24, 508, 335, 280, 787, 69, 622, 610, 546, 407, 820, 679, 37, 390, 609, 112, 401, 495, 698, 847, 536, 366, 475, 776, 452, 596, 193, 350, 591, 175, 563, 545, 321, 1210, 491, 455, 591, 316, 366, 672, 539, 848, 504, 460, 139, 372, 442, 305, 497, 132, 131, 536, 708, 495, 235, 166, 246, 778, 409, 202, 417, 438, 763, 456, 495, 473, 755, 497, 329, 491, 484, 551, 977, 459, 428, 858, 453, 362, 618, 661, 304, 1143, 733, 332, 645, 654, 660, 775, 664, 1187, 1060, 946, 572, 1292, 1240, 869, 1517, 1451, 1929, 1568], [3195, 1756, 422, 385, 466, 2144, 1599, 446, 2883, 1394, 1082, 72, 1193, 960, 21, 67, 736, 643, 860, 802, 682, 110, 1019, 252, 172, 1053, 555, 349, 609, 311, 667, 524, 619, 620, 675, 469, 174, 489, 396, 463, 460, 706, 384, 222, 60, 465, 470, 440, 442, 444, 13, 445, 349, 264, 652, 41, 525, 461, 491, 372, 651, 561, 61, 442, 662, 485, 26, 377, 552, 734, 498, 295, 473, 623, 416, 241, 655, 154, 493, 234, 568, 355, 65, 627, 347, 399, 256, 308, 514, 298, 434, 559, 755, 1022, 406, 392, 356, 842, 30, 580, 330, 216, 420, 276, 30, 257, 229, 30, 255, 127, 504, 230, 224, 291, 717, 257, 300, 547, 326, 324, 274, 134, 440, 574, 121, 318, 80, 60, 326, 216, 452, 433, 419, 208, 407, 234, 423, 567, 260, 218, 322, 199, 249, 257, 232, 25, 337, 245, 263, 281, 590, 222, 281, 57, 264, 226, 146, 71, 439, 347, 138, 312, 309, 293, 278, 334, 356, 236, 418, 574, 514, 359, 360, 355, 540, 442, 437, 499, 297, 631, 507, 641, 675, 475, 544, 607, 423, 820, 683, 825, 993, 1279, 762, 753, 1037, 859, 1576, 1166, 842, 1045]]}