{"coherences": [0.4644292536969778, 0.40842238252649293, 0.43286122141529726, 0.3788095760914524, 0.4551729714569557, 0.5095306388757452, 0.482698338761065, 0.46732582638135056, 0.44936150549944615, 0.4226039289217452, 0.42498153832083263, 0.4241922638140489, 0.4580185237332795, 0.4617397884588524, 0.43481518377765355, 0.37455651346434643, 0.371077332828121, 0.33905627434365565, 0.3272819134830593, 0.3300809413687966], "predicted_topics": [[11331, 86756], [10155, 50514, 37418], [9952, 47256, 31477, 9402], [9795, 43599, 30350, 5608, 8735], [9905, 46025, 24047, 8896, 6093, 3121], [8905, 4152, 2101, 1775, 2675, 555, 77924], [8720, 1574, 803, 671, 230, 291, 3005, 82793], [8725, 1681, 801, 675, 230, 289, 3784, 80307, 1595], [8722, 1572, 792, 672, 256, 284, 2354, 76903, 853, 5679], [8723, 1611, 804, 673, 230, 287, 2415, 74759, 1054, 6391, 1140], [8726, 1630, 800, 667, 230, 294, 2452, 72855, 1184, 6272, 1172, 1805], [8721, 1578, 789, 651, 226, 284, 2290, 71635, 833, 4587, 907, 1419, 4167], [8719, 1568, 786, 649, 226, 281, 2405, 71000, 1046, 4593, 824, 2112, 2339, 1539], [8695, 1514, 756, 626, 226, 275, 2250, 47903, 860, 4323, 644, 1123, 2325, 3021, 40, 1941, 1959, 13645, 4084, 1877], [8677, 1401, 698, 603, 226, 271, 2155, 40842, 822, 2670, 525, 1006, 1996, 2630, 7, 1490, 1521, 3323, 4075, 1117, 41, 2235, 1684, 851, 2179, 1074, 1038, 1479, 7326, 4125], [8649, 1359, 677, 571, 226, 270, 2077, 35763, 807, 3019, 506, 961, 2023, 2186, 318, 1268, 1505, 3279, 357, 670, 898, 917, 1965, 1211, 941, 801, 776, 788, 655, 1409, 971, 1782, 1227, 3536, 1242, 2675, 1382, 4595, 1988, 1837], [8590, 1292, 666, 517, 226, 263, 1994, 24266, 788, 1172, 466, 913, 1769, 2234, 11, 1178, 1418, 2535, 23, 608, 968, 1570, 723, 1011, 938, 5998, 792, 659, 548, 687, 1200, 831, 548, 600, 266, 721, 986, 775, 689, 985, 908, 2333, 3071, 1047, 1817, 2208, 3229, 6423, 682, 3945], [8537, 1109, 600, 471, 226, 252, 1784, 7989, 668, 329, 334, 706, 1252, 1072, 2, 764, 902, 985, 23, 528, 598, 457, 534, 526, 801, 409, 597, 544, 443, 828, 983, 692, 585, 719, 195, 613, 671, 509, 490, 427, 614, 1008, 933, 710, 1199, 712, 1603, 838, 322, 2446, 880, 666, 688, 784, 488, 551, 587, 446, 943, 500, 946, 1369, 1130, 27, 736, 280, 973, 652, 455, 1201, 743, 491, 515, 40, 1026, 381, 1212, 764, 434, 482, 910, 252, 150, 1750, 356, 757, 1708, 1153, 786, 1826, 1374, 968, 1112, 1218, 1211, 2788, 1687, 2307, 1180, 3665], [8498, 1074, 579, 431, 226, 252, 1693, 3789, 636, 240, 316, 640, 1086, 1382, 7, 651, 745, 772, 13, 472, 511, 412, 460, 507, 665, 151, 481, 482, 418, 680, 853, 576, 516, 606, 178, 492, 646, 414, 429, 555, 444, 807, 723, 549, 901, 605, 1275, 996, 13, 1269, 577, 414, 661, 61, 727, 17, 723, 469, 254, 352, 721, 1259, 278, 684, 1044, 381, 898, 629, 381, 702, 830, 115, 536, 400, 228, 461, 318, 206, 283, 192, 319, 409, 454, 496, 254, 506, 822, 254, 297, 200, 230, 363, 278, 243, 256, 52, 394, 322, 1140, 335, 476, 520, 803, 517, 432, 261, 287, 355, 312, 223, 287, 130, 589, 314, 119, 315, 431, 580, 651, 258, 421, 431, 621, 748, 698, 578, 591, 846, 1466, 490, 259, 552, 699, 303, 1697, 539, 660, 1165, 1889, 1155, 490, 800, 673, 1290, 832, 1685, 1373, 882, 972, 1881], [8465, 1069, 566, 421, 226, 250, 1584, 2216, 611, 113, 304, 610, 1005, 1253, 6, 624, 694, 671, 13, 444, 467, 394, 401, 462, 617, 143, 460, 455, 393, 594, 785, 514, 417, 485, 164, 462, 550, 375, 398, 539, 403, 724, 676, 461, 758, 546, 1082, 562, 12, 849, 455, 436, 485, 102, 428, 257, 493, 359, 226, 260, 618, 1008, 708, 353, 777, 331, 385, 562, 324, 479, 724, 556, 782, 159, 249, 311, 281, 158, 272, 28, 135, 373, 395, 471, 230, 375, 315, 354, 29, 210, 205, 247, 444, 123, 40, 238, 315, 324, 410, 420, 834, 395, 397, 45, 303, 560, 327, 182, 351, 950, 312, 410, 325, 544, 43, 52, 362, 299, 78, 373, 260, 610, 596, 524, 273, 65, 303, 392, 313, 301, 434, 438, 203, 853, 274, 283, 46, 240, 149, 158, 296, 164, 428, 217, 348, 150, 252, 199, 120, 528, 306, 242, 52, 255, 156, 63, 393, 263, 343, 393, 92, 294, 314, 83, 665, 468, 263, 258, 189, 378, 429, 585, 928, 382, 356, 336, 394, 601, 298, 449, 546, 431, 469, 708, 286, 913, 612, 768, 544, 872, 1150, 585, 1240, 854, 1470, 1165, 681, 1055, 1225, 1214]]}