{"coherences": [0.6735099972158538, 0.5343935898879323, 0.5418390566030703, 0.6214559855858763, 0.6057975553447934, 0.6635790161414682, 0.6195536559213559, 0.6002691916308364, 0.5685974253404436, 0.5722876506565828, 0.5653359520607235, 0.5397288347192799, 0.534143223278431, 0.4586507826822007, 0.42096495546298585, 0.3992217902524409, 0.38494606398338277, 0.3402894404075277, 0.3214017464948987, 0.3338347837696029], "predicted_topics": [[3596, 94491], [3580, 93301, 1206], [3582, 92190, 1222, 1093], [3589, 82203, 1140, 1058, 10097], [3496, 11788, 801, 692, 4035, 77275], [3485, 6808, 751, 684, 3754, 72437, 10168], [3474, 4454, 677, 673, 1769, 52316, 7134, 27590], [3441, 3253, 613, 629, 1460, 8232, 4213, 3887, 72359], [3440, 3169, 607, 629, 1448, 7255, 3753, 4304, 71435, 2047], [3428, 3057, 598, 624, 1463, 7427, 2780, 1111, 66532, 2108, 8959], [3429, 3013, 599, 624, 1462, 7439, 2490, 1110, 66297, 1963, 8471, 1190], [3425, 3046, 618, 613, 1415, 7132, 2470, 1158, 60902, 2044, 8421, 923, 5920], [3422, 2957, 589, 604, 1419, 6624, 2402, 1074, 57966, 2043, 7319, 956, 5153, 5559], [3405, 2914, 570, 585, 1366, 5958, 2327, 916, 51198, 1963, 7068, 773, 4187, 2992, 10, 2031, 901, 2682, 2851, 3390], [3380, 2540, 550, 570, 524, 5011, 2211, 736, 37155, 1902, 5021, 588, 3189, 1952, 31, 582, 1222, 1225, 1598, 1857, 4215, 1459, 2451, 1257, 711, 2728, 1551, 2725, 5815, 3331], [3361, 2437, 533, 547, 1173, 4216, 2133, 679, 29769, 1843, 3631, 486, 2669, 1851, 26, 432, 890, 1168, 1358, 1526, 1374, 1219, 1027, 161, 1829, 336, 1264, 1456, 2136, 2054, 891, 1387, 3860, 144, 1613, 2052, 5594, 2166, 3472, 3324], [3335, 2299, 525, 499, 488, 3768, 2068, 613, 22942, 1758, 2308, 342, 2267, 1633, 25, 181, 1006, 1140, 1237, 1339, 1289, 1051, 1374, 113, 2033, 882, 1098, 743, 638, 226, 1429, 1072, 1084, 4430, 1123, 680, 1296, 2850, 1695, 1122, 1586, 617, 1477, 952, 2494, 2363, 2663, 6097, 1918, 1919], [3243, 1993, 462, 452, 479, 2542, 1812, 515, 7645, 1564, 1491, 170, 1477, 1163, 27, 103, 817, 803, 1029, 1015, 928, 249, 1290, 280, 559, 966, 722, 478, 874, 431, 873, 690, 753, 1712, 951, 647, 221, 736, 620, 756, 664, 828, 632, 405, 560, 828, 153, 699, 701, 709, 771, 257, 413, 326, 116, 1161, 891, 474, 512, 609, 750, 1133, 472, 511, 862, 514, 30, 663, 465, 604, 421, 721, 286, 1197, 336, 531, 2092, 159, 434, 1153, 821, 435, 945, 253, 1013, 1347, 698, 1157, 979, 1179, 1528, 1438, 1327, 685, 1984, 2167, 2136, 2860, 1652, 4902], [3211, 1822, 441, 420, 470, 2240, 1673, 463, 4469, 1394, 1143, 101, 1283, 1032, 26, 75, 733, 705, 907, 861, 899, 157, 1095, 264, 371, 886, 587, 403, 646, 348, 707, 582, 663, 836, 760, 471, 183, 546, 494, 567, 477, 796, 428, 272, 79, 440, 519, 461, 500, 1091, 27, 491, 388, 293, 786, 69, 519, 98, 538, 483, 796, 686, 87, 931, 595, 560, 276, 467, 687, 802, 599, 538, 721, 666, 392, 23, 660, 387, 560, 207, 103, 457, 584, 355, 252, 562, 309, 901, 568, 164, 305, 326, 456, 835, 589, 707, 607, 201, 528, 499, 226, 617, 44, 762, 448, 396, 455, 546, 63, 211, 592, 413, 825, 992, 503, 601, 265, 831, 1017, 431, 854, 384, 346, 618, 499, 530, 615, 642, 695, 813, 690, 618, 671, 883, 669, 1062, 734, 675, 426, 1165, 677, 1060, 708, 844, 1064, 811, 1268, 1776, 1542, 873], [3188, 1777, 430, 398, 463, 2132, 1610, 441, 2955, 1397, 1082, 97, 1177, 953, 23, 73, 708, 674, 870, 803, 821, 98, 1000, 260, 351, 783, 526, 351, 618, 312, 665, 531, 617, 655, 676, 461, 173, 473, 404, 481, 452, 686, 389, 220, 51, 502, 463, 447, 445, 441, 18, 410, 326, 250, 698, 53, 519, 477, 483, 375, 702, 578, 79, 620, 659, 56, 480, 429, 462, 770, 606, 268, 468, 649, 409, 89, 688, 267, 498, 230, 241, 369, 217, 662, 570, 408, 155, 56, 763, 272, 891, 67, 635, 927, 578, 699, 654, 422, 80, 426, 266, 173, 285, 272, 423, 464, 287, 281, 452, 343, 87, 453, 313, 87, 518, 510, 373, 139, 230, 330, 521, 394, 76, 273, 235, 212, 589, 144, 273, 564, 221, 301, 284, 259, 391, 337, 271, 225, 281, 249, 478, 219, 258, 398, 81, 75, 249, 251, 118, 366, 177, 269, 314, 350, 185, 145, 214, 184, 489, 340, 389, 319, 185, 212, 220, 333, 354, 407, 278, 397, 129, 251, 493, 270, 341, 211, 568, 525, 573, 350, 602, 361, 529, 376, 624, 808, 818, 696, 842, 655, 813, 806, 892, 920, 912, 1110, 1138, 1172, 1022, 1329]]}