{"coherences": [0.691398020766523, 0.7942653009700834, 0.7160588274053125, 0.6600930556317682, 0.6280567932849495, 0.5746005482969287, 0.5375397500208946, 0.5730298850163672, 0.5562080118155334, 0.581543046806252, 0.585344329648921, 0.5655677584956507, 0.5661272625162456, 0.4892754981112586, 0.4707701776372751, 0.4103981700800386, 0.4329878603503856, 0.3935700536387348, 0.37648523677339624, 0.3667282717076463], "predicted_topics": [[156452, 3464], [154730, 3457, 1729], [129033, 3444, 917, 26522], [114250, 3462, 872, 25123, 16209], [109278, 3418, 859, 23499, 16465, 6397], [107866, 3413, 855, 23119, 15219, 6026, 3418], [107806, 2902, 855, 23403, 15892, 5925, 1261, 1872], [105377, 2886, 841, 22785, 14696, 5818, 1344, 1592, 4577], [104021, 2882, 840, 22959, 14293, 5956, 1189, 1375, 4631, 1770], [98694, 2886, 841, 23024, 14425, 5924, 1251, 1508, 4344, 2173, 4846], [95727, 2864, 837, 22594, 13797, 5959, 1029, 1427, 4097, 1957, 4390, 5238], [93295, 2862, 835, 22232, 13824, 5889, 1233, 1380, 4063, 1802, 4462, 5463, 2576], [85753, 2821, 836, 20342, 13970, 5762, 1187, 1263, 3996, 1085, 4453, 4551, 3075, 10822], [79272, 2793, 823, 19436, 12736, 5489, 1081, 1213, 3998, 913, 4380, 4194, 1313, 1147, 4285, 6265, 1099, 3967, 2705, 2807], [68934, 2737, 797, 17003, 10030, 5021, 1063, 936, 3813, 884, 4271, 3991, 1293, 178, 2000, 2059, 3613, 2316, 2049, 2348, 3811, 1904, 4316, 7276, 352, 567, 1095, 1215, 1806, 2238], [60988, 2580, 792, 16232, 9797, 4526, 1036, 790, 3632, 627, 4279, 3573, 971, 181, 1316, 1224, 3736, 1668, 1798, 2253, 1150, 2820, 4917, 4895, 461, 184, 356, 297, 239, 3054, 1416, 565, 2414, 3352, 1380, 372, 941, 3225, 1669, 4210], [52964, 2558, 679, 14727, 9109, 4117, 959, 625, 3461, 805, 4080, 3367, 775, 38, 1173, 1683, 3677, 1606, 1241, 2109, 3726, 1672, 4364, 5113, 605, 503, 170, 512, 411, 1592, 577, 921, 772, 2424, 3907, 2705, 258, 1213, 1166, 339, 1039, 3342, 2109, 2159, 1330, 1847, 1203, 2362, 172, 1650], [37936, 2194, 623, 11712, 6918, 3429, 738, 399, 2560, 698, 3844, 2777, 556, 23, 951, 1425, 3235, 1132, 785, 2021, 2830, 882, 3910, 3833, 389, 371, 169, 467, 217, 1781, 522, 522, 1473, 2157, 2922, 31, 1238, 155, 178, 690, 634, 596, 1655, 121, 297, 2230, 131, 2636, 1571, 1756, 1210, 681, 1663, 267, 367, 1712, 704, 958, 1026, 369, 976, 364, 1058, 220, 1563, 635, 259, 748, 162, 214, 473, 391, 551, 485, 1153, 1157, 655, 1004, 290, 566, 34, 1100, 632, 663, 1088, 799, 965, 374, 752, 578, 1123, 1093, 708, 830, 895, 1197, 1453, 695, 921, 1815], [31083, 2144, 534, 9962, 6261, 2994, 664, 247, 2707, 539, 3525, 2516, 486, 17, 820, 1219, 3040, 980, 378, 1885, 2580, 755, 3471, 3297, 251, 398, 169, 405, 212, 1579, 479, 475, 1337, 1867, 2673, 29, 1194, 153, 175, 638, 346, 294, 1573, 35, 299, 1883, 710, 2334, 1383, 1432, 519, 67, 960, 436, 308, 1715, 593, 335, 865, 403, 1158, 1035, 581, 32, 777, 344, 776, 251, 319, 152, 178, 643, 707, 512, 930, 1154, 507, 1503, 756, 182, 142, 809, 429, 415, 1081, 711, 688, 1029, 1530, 91, 532, 193, 1203, 952, 471, 241, 156, 235, 656, 98, 108, 788, 431, 91, 1047, 54, 612, 1016, 134, 952, 73, 514, 178, 91, 135, 1013, 267, 689, 914, 796, 288, 425, 399, 383, 248, 340, 225, 584, 359, 667, 445, 837, 449, 272, 572, 195, 258, 439, 783, 457, 756, 515, 532, 464, 713, 442, 807, 1197, 513, 662], [27568, 2053, 521, 9527, 5479, 2807, 602, 198, 2492, 541, 3271, 2471, 432, 13, 790, 1070, 2894, 861, 345, 1848, 2426, 704, 3292, 2976, 208, 390, 169, 376, 199, 1501, 449, 244, 1329, 1785, 2609, 25, 1182, 154, 170, 447, 292, 250, 1531, 28, 277, 1790, 566, 2215, 1339, 1298, 469, 89, 752, 411, 230, 1653, 368, 331, 747, 333, 1026, 938, 179, 14, 552, 325, 833, 579, 390, 152, 390, 494, 716, 443, 522, 954, 437, 1657, 841, 177, 50, 144, 347, 466, 767, 811, 894, 810, 1112, 527, 97, 172, 271, 1371, 888, 38, 135, 365, 500, 288, 495, 843, 235, 514, 382, 126, 453, 578, 330, 727, 323, 539, 30, 275, 26, 167, 137, 194, 657, 785, 155, 835, 514, 258, 163, 617, 489, 236, 633, 292, 197, 38, 317, 519, 51, 430, 511, 359, 467, 239, 912, 97, 204, 908, 120, 444, 248, 31, 41, 103, 57, 479, 341, 391, 245, 346, 402, 176, 522, 109, 373, 131, 875, 555, 294, 569, 245, 350, 525, 355, 398, 177, 170, 125, 471, 428, 129, 265, 40, 387, 592, 106, 311, 126, 804, 293, 198, 486, 259, 388, 379, 419, 571, 309, 444, 685, 370, 705, 722, 516]]}