{"coherences": [0.7658492685772286, 0.8358334791216736, 0.8688325614945106, 0.751775447972529, 0.6893739704785902, 0.698157084690914, 0.6478976413856754, 0.6424170573768881, 0.6338367277534837, 0.6659761447705519, 0.6287767346836471, 0.6146508682326091, 0.5906007417897153, 0.5737783067970003, 0.503678928739869, 0.48156027063432827, 0.4635131417162823, 0.40628813214694015, 0.39897876779288965, 0.3668651578946992], "predicted_topics": [[159885, 31], [155009, 4907], [154057, 4861, 998], [121716, 3326, 1020, 33854], [117678, 3444, 606, 33352, 4836], [112970, 2414, 631, 29912, 4815, 9174], [104669, 2408, 602, 29004, 4002, 8803, 10428], [102412, 2370, 600, 28761, 3692, 8869, 7669, 5543], [81230, 2133, 597, 28377, 3353, 8520, 7916, 6473, 21317], [95639, 2348, 598, 28776, 1458, 8805, 7643, 5600, 3468, 5581], [74324, 2113, 595, 26513, 3471, 8267, 7546, 4636, 19427, 5684, 7340], [64499, 2070, 595, 26803, 2205, 8023, 7600, 4655, 18538, 5424, 6340, 13164], [55740, 2065, 595, 23927, 1809, 7886, 3958, 4465, 17465, 5285, 7215, 11827, 17679], [42931, 1892, 594, 21183, 1664, 6778, 3932, 4370, 14972, 5240, 4926, 4986, 14839, 6941, 1699, 1339, 11284, 5779, 4567], [34346, 1426, 591, 17764, 1454, 6095, 2688, 4115, 10549, 4982, 4118, 5410, 8445, 4828, 1576, 1152, 3965, 4514, 2780, 5872, 2851, 10464, 209, 716, 4739, 239, 7067, 3925, 3036], [28164, 1433, 585, 16441, 1354, 5715, 2863, 3997, 10141, 4811, 4036, 3587, 8183, 4777, 1396, 867, 4778, 4136, 2765, 5148, 2225, 4647, 170, 5280, 167, 599, 1230, 3052, 2473, 1902, 2030, 475, 4563, 556, 4507, 1301, 3067, 711, 5784], [25514, 1216, 581, 15257, 1240, 5621, 2464, 3838, 10151, 4735, 3801, 3149, 7509, 4466, 1376, 877, 4210, 3402, 2744, 3596, 396, 4153, 590, 170, 5263, 162, 749, 318, 2626, 1073, 62, 795, 167, 1220, 3003, 1958, 2916, 2677, 2109, 2291, 731, 2721, 2149, 3030, 5017, 2033, 1190, 2619, 1981], [15807, 852, 570, 11921, 1104, 4786, 1455, 3182, 7136, 4178, 2930, 2185, 5636, 2995, 1149, 664, 3565, 3042, 2535, 2381, 195, 3493, 526, 169, 5283, 160, 611, 265, 512, 1237, 515, 373, 156, 1203, 2358, 1137, 477, 1676, 637, 604, 209, 1892, 1928, 1435, 2390, 1710, 1461, 1372, 845, 777, 958, 341, 791, 2239, 683, 1497, 280, 770, 6, 355, 354, 978, 123, 522, 1360, 474, 1830, 1105, 216, 1598, 174, 1141, 564, 927, 388, 524, 1226, 640, 1294, 918, 1675, 1624, 914, 1645, 1700, 1436, 350, 201, 1512, 451, 1404, 977, 1194, 966, 1350, 2050, 611, 1169, 732], [11893, 582, 569, 9930, 932, 4002, 1174, 2303, 5688, 3738, 2836, 1748, 4849, 2337, 1048, 590, 2971, 2613, 2369, 1942, 162, 2965, 491, 169, 4663, 159, 511, 227, 425, 1129, 417, 186, 156, 1105, 2373, 1029, 366, 1108, 597, 529, 136, 1503, 1491, 1393, 1966, 1390, 1017, 1153, 818, 509, 476, 114, 362, 2080, 1163, 422, 284, 1291, 896, 152, 1291, 45, 221, 878, 1203, 612, 1188, 1642, 1447, 1235, 430, 236, 173, 216, 654, 1296, 837, 435, 889, 316, 447, 1172, 423, 784, 155, 59, 862, 481, 200, 1223, 669, 202, 1047, 599, 309, 661, 741, 707, 497, 776, 730, 956, 309, 182, 697, 976, 1066, 986, 326, 547, 209, 1267, 158, 585, 446, 354, 192, 830, 463, 844, 1010, 248, 165, 709, 449, 1115, 663, 623, 611, 226, 604, 358, 840, 813, 757, 529, 771, 476, 499, 536, 1084, 337, 744, 887, 725, 696, 820, 807, 936], [9819, 555, 565, 9007, 834, 3596, 921, 2198, 5025, 3532, 2754, 1448, 4401, 1932, 975, 542, 2633, 2298, 2296, 1705, 131, 2556, 486, 169, 4272, 155, 462, 216, 368, 1080, 383, 418, 156, 1056, 1913, 900, 342, 1051, 487, 425, 84, 1338, 1284, 1331, 1923, 1205, 972, 952, 779, 480, 341, 72, 358, 1997, 650, 371, 255, 695, 726, 152, 1121, 318, 159, 877, 957, 541, 971, 1532, 1357, 1108, 312, 210, 172, 253, 478, 1035, 853, 115, 178, 143, 241, 1170, 1357, 931, 161, 54, 752, 769, 70, 851, 498, 815, 1203, 265, 280, 467, 42, 867, 558, 42, 715, 405, 553, 1072, 544, 238, 1036, 732, 178, 854, 264, 246, 878, 466, 879, 727, 545, 95, 787, 763, 213, 61, 394, 345, 808, 247, 253, 1156, 429, 377, 420, 607, 435, 947, 215, 534, 158, 94, 101, 450, 61, 954, 157, 99, 358, 385, 474, 447, 491, 210, 233, 786, 237, 436, 664, 202, 368, 682, 657, 531, 519, 585, 374, 962, 133, 180, 135, 165, 423, 358, 438, 606, 134, 546, 148, 273, 841, 485, 321, 413, 331, 159, 604, 679, 473, 233, 335, 507, 261, 365, 262, 527, 669, 757, 598, 452, 762, 477, 663]]}