{"5": 0.7562434732130454, "10": 0.6040203682794274, "15": 0.5942475893910515, "20": 0.5395704325417294, "25": 0.5103243164135471, "30": 0.488714455367448, "35": 0.46693683599442914, "40": 0.4489662322714024, "45": 0.4338518258798709, "50": 0.42292028988471325, "70": 0.3859773788160002, "100": 0.3565811495546549}