{"5": 0.7048616049254075, "10": 0.7546359202031336, "15": 0.7169844864297766, "20": 0.6905947006293516, "25": 0.668590728970941, "30": 0.6368263803499924, "35": 0.6401762003585644, "40": 0.6550259907441649, "45": 0.6250037375938021, "50": 0.6199270528298833, "70": 0.599805520260647, "100": 0.5922649824398365}