{"5": 0.7876898199733249, "10": 0.6466414266413749, "15": 0.7155307202416885, "20": 0.68877137895375, "25": 0.6744409812793754, "30": 0.6338575069027464, "35": 0.6676262127222667, "40": 0.6280405824035848, "45": 0.6372141568052019, "50": 0.6563056156723971, "70": 0.6144723505164499, "100": 0.6200391444621959}